{
  "project_info": {
    "project_number": "698124716344",
    "firebase_url": "https://chattingmessagingapp.firebaseio.com",
    "project_id": "chattingmessagingapp",
    "storage_bucket": "chattingmessagingapp.appspot.com"
  },
  "client": [
    {
      "client_info": {
        "mobilesdk_app_id": "1:698124716344:android:846071053047278e",
        "android_client_info": {
          "package_name": "com.saumya.chatting_messaging_app"
        }
      },
      "oauth_client": [
        {
          "client_id": "698124716344-n4c87pllcd7ou26mrhvg167osl1s7tsp.apps.googleusercontent.com",
          "client_type": 1,
          "android_info": {
            "package_name": "com.saumya.chatting_messaging_app",
            "certificate_hash": "8cff96e5e8b61cd5acff0d1e0f3e7268c2dda4a2"
          }
        },
        {
          "client_id": "698124716344-828g8br2pnno7sceqmji0l0a2j603ljv.apps.googleusercontent.com",
          "client_type": 3
        }
      ],
      "api_key": [
        {
          "current_key": "AIzaSyCXFvZVae6Ma_IP_YX_KqTI0vWOWutAmsQ"
        }
      ],
      "services": {
        "appinvite_service": {
          "other_platform_oauth_client": [
            {
              "client_id": "698124716344-828g8br2pnno7sceqmji0l0a2j603ljv.apps.googleusercontent.com",
              "client_type": 3
            }
          ]
        }
      }
    }
  ],
  "configuration_version": "1"
}